{
  "ablated_model": {
    "description": "CNN-LSTM with Attention (NO auxiliary features)",
    "features": "Sequence only (24 hours)",
    "metrics": {
      "r2": 0.9661990510404158,
      "mse": 73.39012573647372,
      "rmse": 8.566803705961386,
      "mae": 3.141920475181469,
      "mape": 20.214004845320627
    },
    "parameters": 44626
  },
  "full_model": {
    "description": "CNN-LSTM with Attention + Auxiliary Features",
    "features": "Sequence (24 hours) + hour + day_of_week + is_weekend",
    "metrics": {
      "r2": 0,
      "mse": 2308.515502168517,
      "rmse": 48.04701345732653,
      "mae": 29.01410743193162,
      "mape": 1060.6810652980769
    },
    "parameters": 133260
  },
  "improvement": {
    "rmse_reduction_percent": -460.8511074426981,
    "mae_reduction_percent": -823.4513623472868,
    "r2_increase_percent": -100.0
  }
}